,thumbnail
0,"<img alt=""Pilot"" class=""zero-z-index"" height=""126"" src=""https://m.media-amazon.com/images/M/MV5BNzlhNGI0MTUtOWZlNS00ZmQ2LTk2NTYtMGMwMzRmOGViZWIyXkEyXkFqcGdeQXVyNTAyODkwOQ@@._V1_UY126_UX224_AL_.jpg"" width=""224""/>"
1,"<img alt=""Lawnmower Dog"" class=""zero-z-index"" height=""126"" src=""https://m.media-amazon.com/images/M/MV5BNzUyNmIxYzYtMTM2My00ZTZjLWFmODYtNmFmMDgyZDY4OWU4XkEyXkFqcGdeQXVyNjg0Nzk2Nzc@._V1_UX224_CR0,0,224,126_AL_.jpg"" width=""224""/>"
2,"<img alt=""Anatomy Park"" class=""zero-z-index"" height=""126"" src=""https://m.media-amazon.com/images/M/MV5BM2I0Nzg0YTktYTc2Zi00NTk4LWI5ZDQtMmVhYjBjZmRmNGM0XkEyXkFqcGdeQXVyNjg4ODczODM@._V1_UY126_UX224_AL_.jpg"" width=""224""/>"
3,"<img alt=""M. Night Shaym-Aliens!"" class=""zero-z-index"" height=""126"" src=""https://m.media-amazon.com/images/M/MV5BZWZmZDBjYTEtZTQyNy00NDc5LTgxMjEtZmQyNmU1N2Y1NThkXkEyXkFqcGdeQXVyNTAyODkwOQ@@._V1_UX224_CR0,0,224,126_AL_.jpg"" width=""224""/>"
4,"<img alt=""Meeseeks and Destroy"" class=""zero-z-index"" height=""126"" src=""https://m.media-amazon.com/images/M/MV5BNGQyOWNhYzQtNTJhNy00NzFhLTkyYTgtYTM4MGI0NmYxMWJiXkEyXkFqcGdeQXVyNTAyODkwOQ@@._V1_UX224_CR0,0,224,126_AL_.jpg"" width=""224""/>"
5,"<img alt=""Rick Potion #9"" class=""zero-z-index"" height=""126"" src=""https://m.media-amazon.com/images/M/MV5BYjg2NjhlMWQtMjgxOS00YTVlLWJjN2UtZjhmMjA2ZjMzYmMzXkEyXkFqcGdeQXVyMTMxMDE2OTU2._V1_UY126_UX224_AL_.jpg"" width=""224""/>"
6,"<img alt=""Raising Gazorpazorp"" class=""zero-z-index"" height=""126"" src=""https://m.media-amazon.com/images/M/MV5BYmRlZTdmNTEtNmY5Ny00MTlmLTk5M2UtNGQwYzFkYzU2YWRlXkEyXkFqcGdeQXVyNTAyODkwOQ@@._V1_UX224_CR0,0,224,126_AL_.jpg"" width=""224""/>"
7,"<img alt=""Rixty Minutes"" class=""zero-z-index"" height=""126"" src=""https://m.media-amazon.com/images/M/MV5BNzM4MmM3MjctYjE0Yy00NzVhLThkNmQtNjBhNWU2MDc1ZjNhXkEyXkFqcGdeQXVyNTAyODkwOQ@@._V1_UX224_CR0,0,224,126_AL_.jpg"" width=""224""/>"
8,"<img alt=""Something Ricked This Way Comes"" class=""zero-z-index"" height=""126"" src=""https://m.media-amazon.com/images/M/MV5BNDIzNDEwOGQtNTE5Mi00ZWM0LWJmYTQtZTk0ZTAzM2Q2ZWZkXkEyXkFqcGdeQXVyNTAyODkwOQ@@._V1_UX224_CR0,0,224,126_AL_.jpg"" width=""224""/>"
9,"<img alt=""Close Rick-counters of the Rick Kind"" class=""zero-z-index"" height=""126"" src=""https://m.media-amazon.com/images/M/MV5BZWRhYzZhZjMtMjQxMi00OWVkLWEzNjItMjE3ZmZjM2QwZWU2L2ltYWdlXkEyXkFqcGdeQXVyNDk3OTIwNTU@._V1_UY126_CR0,0,224,126_AL_.jpg"" width=""224""/>"
10,"<img alt=""Ricksy Business"" class=""zero-z-index"" height=""126"" src=""https://m.media-amazon.com/images/M/MV5BOGU0ODA0ZDYtNWJiYy00MGM0LThhZDAtMDkxNjZhMGRhZWEyXkEyXkFqcGdeQXVyNTAyODkwOQ@@._V1_UX224_CR0,0,224,126_AL_.jpg"" width=""224""/>"
11,"<img alt=""A Rickle in Time"" class=""zero-z-index"" height=""126"" src=""https://m.media-amazon.com/images/M/MV5BOGMxMzM4MTEtNzViZS00YTRlLThjOGYtOGEzZWU3MTkxMGM0XkEyXkFqcGdeQXVyNTAyODkwOQ@@._V1_UX224_CR0,0,224,126_AL_.jpg"" width=""224""/>"
12,"<img alt=""Mortynight Run"" class=""zero-z-index"" height=""126"" src=""https://m.media-amazon.com/images/M/MV5BZGJiYzFlMjMtZjIyYi00YzhkLWIwMjUtZmUyNWUyMDMxMjZhXkEyXkFqcGdeQXVyMjQyODEzMjc@._V1_UY126_CR11,0,224,126_AL_.jpg"" width=""224""/>"
13,"<img alt=""Auto Erotic Assimilation"" class=""zero-z-index"" height=""126"" src=""https://m.media-amazon.com/images/M/MV5BOTExYzYxODYtOGRiMi00MzBmLTkwNzMtY2Q5ZDU2ZjdmOGZmXkEyXkFqcGdeQXVyNTkyMjE3NDU@._V1_UX224_CR0,0,224,126_AL_.jpg"" width=""224""/>"
14,"<img alt=""Total Rickall"" class=""zero-z-index"" height=""126"" src=""https://m.media-amazon.com/images/M/MV5BOWFjNzJhMjYtNTFlMi00MThlLWE4MDItYjg0ODYxZWZkNzZjXkEyXkFqcGdeQXVyNTkyMjE3NDU@._V1_UY126_CR0,0,224,126_AL_.jpg"" width=""224""/>"
15,"<img alt=""Get Schwifty"" class=""zero-z-index"" height=""126"" src=""https://m.media-amazon.com/images/M/MV5BYjc5N2ZhZjEtNmY2Ny00YjU4LTg5MTMtYzIyOGNiNjc0YTE1XkEyXkFqcGdeQXVyNTAyODkwOQ@@._V1_UX224_CR0,0,224,126_AL_.jpg"" width=""224""/>"
16,"<img alt=""The Ricks Must Be Crazy"" class=""zero-z-index"" height=""126"" src=""https://m.media-amazon.com/images/M/MV5BZjMwZmM5N2EtMDUyYi00NmM0LTlkYTItYWExOTY3NTUxYTY2XkEyXkFqcGdeQXVyNTAyODkwOQ@@._V1_UY126_UX224_AL_.jpg"" width=""224""/>"
17,"<img alt=""Big Trouble in Little Sanchez"" class=""zero-z-index"" height=""126"" src=""https://m.media-amazon.com/images/M/MV5BNTAyMjg5MTAtODRjNi00MGYxLWJjZWItYTU5MGQ2NmY4Yjc1XkEyXkFqcGdeQXVyNTAyODkwOQ@@._V1_UX224_CR0,0,224,126_AL_.jpg"" width=""224""/>"
18,"<img alt=""Interdimensional Cable 2: Tempting Fate"" class=""zero-z-index"" height=""126"" src=""https://m.media-amazon.com/images/M/MV5BZGFlNTlkYjctYTYxNS00YWE4LTk1ZTYtNTcyNWY0ZTQ1MzhhXkEyXkFqcGdeQXVyNjgyOTUyNDc@._V1_UY126_UX224_AL_.jpg"" width=""224""/>"
19,"<img alt=""Look Who's Purging Now"" class=""zero-z-index"" height=""126"" src=""https://m.media-amazon.com/images/M/MV5BNWZlMmQ0ZjEtZGQ4Yi00YTcxLWJjOGQtZmJmYmRkYmE3NTc3XkEyXkFqcGdeQXVyNTAyODkwOQ@@._V1_UX224_CR0,0,224,126_AL_.jpg"" width=""224""/>"
20,"<img alt=""The Wedding Squanchers"" class=""zero-z-index"" height=""126"" src=""https://m.media-amazon.com/images/M/MV5BNmVjM2IzOTQtNzZmNi00MzFjLTg3MGUtYTIwNzk3MDBhMWEwXkEyXkFqcGdeQXVyNTkyMjE3NDU@._V1_UX224_CR0,0,224,126_AL_.jpg"" width=""224""/>"
21,"<img alt=""The Rickshank Rickdemption"" class=""zero-z-index"" height=""126"" src=""https://m.media-amazon.com/images/M/MV5BY2FkMGEzYTQtZDczZC00OWYzLTk1M2ItN2YxNzk0NjdjNWU1XkEyXkFqcGdeQXVyNjAxNDAxNDc@._V1_UY126_CR14,0,224,126_AL_.jpg"" width=""224""/>"
22,"<img alt=""Rickmancing the Stone"" class=""zero-z-index"" height=""126"" src=""https://m.media-amazon.com/images/M/MV5BMGE2ODY0M2ItYWRhZC00ZjEzLTkyNWUtYWQ1MDUzZGE3NTQ5XkEyXkFqcGdeQXVyNjk2NTI2MDI@._V1_UY126_CR4,0,224,126_AL_.jpg"" width=""224""/>"
23,"<img alt=""Pickle Rick"" class=""zero-z-index"" height=""126"" src=""https://m.media-amazon.com/images/M/MV5BN2EzM2JlMDMtMmUzNC00ZTY4LThhNzItZjIyNzBiYzYzOGZkXkEyXkFqcGdeQXVyNTAyODkwOQ@@._V1_UY126_UX224_AL_.jpg"" width=""224""/>"
24,"<img alt=""Vindicators 3: The Return of Worldender"" class=""zero-z-index"" height=""126"" src=""https://m.media-amazon.com/images/M/MV5BMGRlMGQ3MDMtNDgzNi00MWI1LTk0ZTgtNzRiMWYyYWRhNGEyXkEyXkFqcGdeQXVyNTAyODkwOQ@@._V1_UY126_UX224_AL_.jpg"" width=""224""/>"
25,"<img alt=""The Whirly Dirly Conspiracy"" class=""zero-z-index"" height=""126"" src=""https://m.media-amazon.com/images/M/MV5BNTIyYWY4Y2UtYTNiOS00NDMzLWE1ZmEtNjJjYTRlYzIwMWY2XkEyXkFqcGdeQXVyODA0MTgwMTY@._V1_UX224_CR0,0,224,126_AL_.jpg"" width=""224""/>"
26,"<img alt=""Rest and Ricklaxation"" class=""zero-z-index"" height=""126"" src=""https://m.media-amazon.com/images/M/MV5BMDA0OGI2OTktMjEwOS00Yjc2LWFmMGMtZjViMTBkZmRhN2NlXkEyXkFqcGdeQXVyNTAyODkwOQ@@._V1_UY126_CR7,0,224,126_AL_.jpg"" width=""224""/>"
27,"<img alt=""The Ricklantis Mixup"" class=""zero-z-index"" height=""126"" src=""https://m.media-amazon.com/images/M/MV5BNGFiYzg0YWEtYmFmNi00NTY2LTlhMmUtYTEwNjZiNTA1OGRjXkEyXkFqcGdeQXVyNTAyODkwOQ@@._V1_UY126_UX224_AL_.jpg"" width=""224""/>"
28,"<img alt=""Morty's Mind Blowers"" class=""zero-z-index"" height=""126"" src=""https://m.media-amazon.com/images/M/MV5BM2UwY2MzOTYtYWY3ZS00NzM4LWE1YzQtZWE1MjYxNTQxODU2XkEyXkFqcGdeQXVyNTAyODkwOQ@@._V1_UY126_UX224_AL_.jpg"" width=""224""/>"
29,"<img alt=""The ABCs of Beth"" class=""zero-z-index"" height=""126"" src=""https://m.media-amazon.com/images/M/MV5BMTJlMjcwMGYtOWJhNi00MzdmLWE4NGYtNzE0Y2U1MWIzZTZjXkEyXkFqcGdeQXVyODEwNTIzOTM@._V1_UX224_CR0,0,224,126_AL_.jpg"" width=""224""/>"
30,"<img alt=""The Rickchurian Mortydate"" class=""zero-z-index"" height=""126"" src=""https://m.media-amazon.com/images/M/MV5BYjJkMDViZDItOGY5NS00ZjkxLTk0ZjMtYjc3MmY2YjQ0ZWNjXkEyXkFqcGdeQXVyNTAyODkwOQ@@._V1_UY126_UX224_AL_.jpg"" width=""224""/>"
31,"<img alt=""Edge of Tomorty: Rick Die Rickpeat"" class=""zero-z-index"" height=""126"" src=""https://m.media-amazon.com/images/M/MV5BZjhiNGUyZTMtMzYyOC00OWZkLWJjMzQtMjBlYjA0MmJhN2FmXkEyXkFqcGdeQXVyMTMxNDkzNDA3._V1_UY126_UX224_AL_.jpg"" width=""224""/>"
32,"<img alt=""The Old Man and the Seat"" class=""zero-z-index"" height=""126"" src=""https://m.media-amazon.com/images/M/MV5BNDk5ZDM2MTYtYTVmZC00OGQ0LTg1M2EtNzA3ZDMxMjM0MTAxXkEyXkFqcGdeQXVyNjgzNDU2ODI@._V1_UY126_CR5,0,224,126_AL_.jpg"" width=""224""/>"
33,"<img alt=""One Crew over the Crewcoo's Morty"" class=""zero-z-index"" height=""126"" src=""https://m.media-amazon.com/images/M/MV5BNTU3NjEwODQtY2JmMC00ZDUzLTkyMzgtODIwMDc0YzdhYzM2XkEyXkFqcGdeQXVyNjgzNDU2ODI@._V1_UY126_UX224_AL_.jpg"" width=""224""/>"
34,"<img alt=""Claw and Hoarder: Special Ricktim's Morty"" class=""zero-z-index"" height=""126"" src=""https://m.media-amazon.com/images/M/MV5BN2FjOGE3YzQtZTgxMC00Mjk1LThlNGEtMTc5YTU5ZjFhYzFkXkEyXkFqcGdeQXVyNjg5MjU3NjE@._V1_UY126_CR0,0,224,126_AL_.jpg"" width=""224""/>"
35,"<img alt=""Rattlestar Ricklactica"" class=""zero-z-index"" height=""126"" src=""https://m.media-amazon.com/images/M/MV5BZGM2MjFlZTAtYzEzMy00ZTc3LTliNzAtMWQ1ODBiYTVlZTZhXkEyXkFqcGdeQXVyMzQ0MTAyNjY@._V1_UX224_CR0,0,224,126_AL_.jpg"" width=""224""/>"
36,"<img alt=""Never Ricking Morty"" class=""zero-z-index"" height=""126"" src=""https://m.media-amazon.com/images/M/MV5BYmY2MjE5YmYtMmEzZi00OTk5LWE2ODktMTEyNGZmN2M2ZTY5XkEyXkFqcGdeQXVyNjgzNDU2ODI@._V1_UY126_CR12,0,224,126_AL_.jpg"" width=""224""/>"
37,"<img alt=""Promortyus"" class=""zero-z-index"" height=""126"" src=""https://m.media-amazon.com/images/M/MV5BMDE3M2JmNGYtZDhjMC00YzZmLWI0MWUtYjVhZGYzMjEyZjFhXkEyXkFqcGdeQXVyMTEzOTc2MzQ3._V1_UY126_CR1,0,224,126_AL_.jpg"" width=""224""/>"
38,"<img alt=""The Vat of Acid Episode"" class=""zero-z-index"" height=""126"" src=""https://m.media-amazon.com/images/M/MV5BYmY1MjU3N2MtMTA2Ny00YzlmLWIwY2EtM2I2MGQyMzY3YTA3XkEyXkFqcGdeQXVyMTEzOTc2MzQ3._V1_UY126_UX224_AL_.jpg"" width=""224""/>"
39,"<img alt=""Childrick of Mort"" class=""zero-z-index"" height=""126"" src=""https://m.media-amazon.com/images/M/MV5BYjQxNDNhMzQtZTE0MS00MDM3LWE2MDgtZDc2NTM1NjYzZjc3XkEyXkFqcGdeQXVyNTAyODkwOQ@@._V1_UX224_CR0,0,224,126_AL_.jpg"" width=""224""/>"
40,"<img alt=""Star Mort Rickturn of the Jerri"" class=""zero-z-index"" height=""126"" src=""https://m.media-amazon.com/images/M/MV5BMTc1NjdmMDMtNWRkNy00MWMzLTg5MTMtZmM1ODIwMWIxZWMwXkEyXkFqcGdeQXVyMTE5MjIzMjMx._V1_UY126_CR0,0,224,126_AL_.jpg"" width=""224""/>"
41,"<img alt=""Mort Dinner Rick Andre"" class=""zero-z-index"" height=""126"" src=""https://m.media-amazon.com/images/M/MV5BNzYwOTFhZjEtYTgwNC00YmRiLWEyNWUtZDgwMDc0NjZmNjUzXkEyXkFqcGdeQXVyNTAyODkwOQ@@._V1_UY126_UX224_AL_.jpg"" width=""224""/>"
42,"<img alt=""Mortyplicity"" class=""zero-z-index"" height=""126"" src=""https://m.media-amazon.com/images/M/MV5BZTA1ZjFkODItNWNiNC00ODUxLTg4ZWItMWYzMjdlNDVkMTg0XkEyXkFqcGdeQXVyNTAyODkwOQ@@._V1_UY126_CR0,0,224,126_AL_.jpg"" width=""224""/>"
43,"<img alt=""A Rickconvenient Mort"" class=""zero-z-index"" height=""126"" src=""https://m.media-amazon.com/images/M/MV5BYjQ2MjQ4OGYtYzU5NC00YmEzLWJiMzUtZTNkNjA3MWNmYTM4XkEyXkFqcGdeQXVyODI4ODg2NzY@._V1_UY126_UX224_AL_.jpg"" width=""224""/>"
44,"<img alt=""Rickdependence Spray"" class=""zero-z-index"" height=""126"" src=""https://m.media-amazon.com/images/M/MV5BYTE5OTBlZTItODZmYi00YzA1LTgyMTktYTI0MTQ1ZGM4ZjQ1XkEyXkFqcGdeQXVyMTMyNDM5NTI0._V1_UY126_CR0,0,224,126_AL_.jpg"" width=""224""/>"
45,"<img alt=""Amortycan Grickfitti"" class=""zero-z-index"" height=""126"" src=""https://m.media-amazon.com/images/M/MV5BMDMyZTQ4OGItZTRkNC00NjYyLWJkMjQtYTY1ZmFmZGIyMTAwXkEyXkFqcGdeQXVyNTAyODkwOQ@@._V1_UY126_UX224_AL_.jpg"" width=""224""/>"
46,"<img alt=""Rick &amp; Morty's Thanksploitation Spectacular"" class=""zero-z-index"" height=""126"" src=""https://m.media-amazon.com/images/M/MV5BYTU1ZDljMWEtMGY4OS00MjM4LWIxZmMtM2M0ZGY5NGM4NTFiXkEyXkFqcGdeQXVyODkxNzAwMDI@._V1_UY126_UX224_AL_.jpg"" width=""224""/>"
47,"<img alt=""Gotron Jerrysis Rickvangelion"" class=""zero-z-index"" height=""126"" src=""https://m.media-amazon.com/images/M/MV5BYmIyYmFiNDMtNGJjZi00ZDExLTlmMDgtNjRjODY5NWQ3YjJmXkEyXkFqcGdeQXVyNTAyODkwOQ@@._V1_UY126_UX224_AL_.jpg"" width=""224""/>"
48,"<img alt=""Rickternal Friendshine of the Spotless Mort"" class=""zero-z-index"" height=""126"" src=""https://m.media-amazon.com/images/M/MV5BMTcyMDZlMjItOGU3MC00MDJiLTgwZTctNjhhNGI3OWQwZGM3XkEyXkFqcGdeQXVyNTAyODkwOQ@@._V1_UY126_UX224_AL_.jpg"" width=""224""/>"
49,"<img alt=""Forgetting Sarick Mortshall"" class=""zero-z-index"" height=""126"" src=""https://m.media-amazon.com/images/M/MV5BYzk4ZGJmZDYtMmUxNy00NzNiLWFhZWMtNWM3NDI1ZmE4ZTk1XkEyXkFqcGdeQXVyODkxNzAwMDI@._V1_UY126_CR0,0,224,126_AL_.jpg"" width=""224""/>"
50,"<img alt=""Rickmurai Jack"" class=""zero-z-index"" height=""126"" src=""https://m.media-amazon.com/images/M/MV5BOWJjY2ZlMzEtODA4YS00ODdkLTgyYmItYTQ2NTEyMmYzYzRhXkEyXkFqcGdeQXVyODExMDc5OTA@._V1_UY126_UX224_AL_.jpg"" width=""224""/>"
51,
